Великобритания;Лондон
Ирландия;Дублин
Норвегия;Осло
Швеция;Стокгольм
Швейцария;Берн
Австрия;Вена
Италия;Рим
Германия;Берлин
Испания;Мадрид
Португалия;Лиссабон
Греция;Афины
Украина;Киев
Чехия;Прага
Финляндия;Хельсинки
Эстония;Таллин
Франция;Париж
Бельгия;Брюссель
Венгрия;Будапешт
Словакия;Братислава
Хорватия;Загреб
Латвия;Рига
Польша;Варшава
Литва;Вильнюс
Дания;Копенгаген
Белоруссия;Минск
Молдавия;Кишинев
Румыния;Бухарест
Болгария;София
Нидерланды;Амстердам
Исландия;Рейкьявик
Сербия;Белград
